,AA,SS3,SS8,ASA,HseU,HseD,CN,Psi,Phi,Theta,Tau,P3C,P3E,P3H,P8C,P8S,P8T,P8H,P8G,P8I,P8E,P8B
0,M,C,C,172.25264,4.43316,9.3721695,14.334107,138.51833,-85.085205,111.6593,157.47318,0.999997,6.6806535e-07,2.3117059e-06,0.99999785,3.9322887e-09,1.3661727e-06,4.4105454e-07,1.2758143e-07,8.9976836e-20,2.730639e-07,3.5789167e-08
1,N,C,C,129.18529,3.3216166,12.146763,17.031336,135.34276,-90.66335,112.72919,-162.85521,0.967334,0.021013713,0.011652362,0.9531016,0.00023937123,0.018605158,0.0047906674,0.0032066621,6.7846194e-08,0.010724566,0.009331969
2,V,C,C,69.73821,12.425921,9.303362,21.75352,133.25107,-88.55925,112.34718,-170.15906,0.92450064,0.026603915,0.048895422,0.7450512,0.13482656,0.045385353,0.035515968,0.007812967,2.0041765e-05,0.014569983,0.016817916
3,D,C,C,60.185413,9.227478,12.295023,21.979359,126.87444,-68.10601,108.820816,-145.83144,0.9225693,0.004682037,0.07274867,0.81048596,0.09901269,0.010147895,0.07243205,0.0033995127,2.6637047e-06,0.0028805214,0.0016386128
4,P,H,H,87.953094,1.8687112,15.406533,18.617517,-30.520746,-59.87856,89.84944,-140.86334,0.40473607,0.0023929921,0.59287083,0.17147309,0.046861425,0.14838172,0.5949072,0.036079228,1.9802146e-05,0.0016898708,0.0005876428
5,H,H,H,86.39743,7.64486,15.848706,23.958115,-38.312336,-67.59882,91.82297,55.591496,0.32852808,0.004998375,0.66647357,0.12662674,0.037618726,0.1405548,0.65293247,0.03666993,8.334758e-05,0.0031160195,0.002398065
6,F,H,H,19.766815,20.546902,12.469009,32.390152,-41.675777,-64.58688,91.53169,49.335773,0.12087742,0.003114197,0.8760084,0.06681321,0.024560766,0.033759985,0.84520286,0.0261138,0.00010355917,0.0021534138,0.0012923188
7,D,H,H,76.6339,7.6295376,18.04712,26.006723,-40.63098,-61.2262,90.437416,53.068455,0.09154938,0.0027246508,0.9057259,0.05420432,0.015185563,0.022189058,0.8924068,0.013453124,5.9463207e-05,0.0020794135,0.0004223092
8,K,H,H,123.26882,2.4387918,21.12244,24.011814,-41.37312,-63.836216,91.219406,50.110188,0.06782558,0.003936233,0.92823815,0.03067619,0.013181478,0.024206687,0.91470724,0.013307679,0.0001328298,0.0029516101,0.00083631376
9,F,H,H,16.312555,18.283173,16.885353,35.02861,-44.863087,-63.0264,92.256355,49.626995,0.06366079,0.0058366735,0.93050253,0.026053257,0.011298462,0.022954207,0.92633426,0.007932327,0.00021902472,0.0036125418,0.0015958713
10,M,H,H,24.82991,19.452322,17.071058,36.37153,-43.547676,-62.749027,92.0465,48.157654,0.08311554,0.0052932417,0.9115912,0.03673374,0.012196173,0.027643234,0.910485,0.007967772,0.0001363701,0.0036256074,0.0012121035
11,E,H,H,106.52507,4.9366684,22.910057,28.291515,-41.324154,-62.878918,91.330666,49.54995,0.11311502,0.004530821,0.88235414,0.03277964,0.013307368,0.05174845,0.89064884,0.0074603944,0.00012617199,0.00315473,0.0007744207
12,S,H,H,40.253387,7.7449255,22.185385,29.919142,-35.463516,-66.948456,91.28197,48.693462,0.25197756,0.0027222363,0.7453001,0.04132364,0.026755389,0.14565192,0.7758289,0.007941161,8.66294e-05,0.0018490802,0.0005632899
13,G,H,H,3.5683002,19.4906,19.77975,38.407764,-42.894466,-64.367966,92.66744,50.725082,0.37329856,0.0020393655,0.6246621,0.094383016,0.04042384,0.18445818,0.6731983,0.0055872,4.3442815e-05,0.001398791,0.00050730276
14,I,H,H,15.016909,20.992678,19.768408,40.205166,-42.663013,-62.785316,91.9778,50.763077,0.19805045,0.0091301,0.7928194,0.14777595,0.017016808,0.01309316,0.80904996,0.005200808,2.4157118e-05,0.006351232,0.0014880017
15,R,H,H,131.27563,6.0929666,25.084307,30.891844,-43.049656,-61.045517,90.23689,53.886734,0.15477474,0.018589398,0.82663584,0.09861761,0.025593901,0.013265788,0.840827,0.0059312773,1.6250178e-05,0.014855447,0.0008928335
16,H,H,H,55.390892,11.533853,23.514044,34.79929,-41.30268,-65.083626,91.72404,49.184906,0.06894568,0.040217396,0.89083695,0.041649826,0.011948852,0.012000933,0.88606083,0.009920907,5.9225895e-05,0.036744688,0.0016147511
17,V,H,H,1.0452499,26.261791,18.584051,44.81012,-42.315956,-63.00397,90.867035,50.31015,0.041815553,0.041434128,0.9167503,0.023374975,0.0061754105,0.008309907,0.9186504,0.0054708314,4.606242e-05,0.037282716,0.0006897346
18,Y,H,H,53.156017,15.956499,22.508144,38.30005,-39.881718,-61.834312,90.371284,50.973564,0.04239266,0.04001472,0.91759264,0.02310958,0.005603278,0.011032704,0.9145483,0.007379382,5.915143e-05,0.0376406,0.00062696397
19,M,H,H,66.69818,5.5809336,24.013699,30.720098,-40.02001,-62.959026,90.400055,49.9943,0.053922303,0.030418828,0.91565883,0.026545035,0.00605091,0.020669054,0.90545005,0.011785892,4.7601367e-05,0.028963264,0.00048834115
20,L,H,H,14.507683,16.864868,19.101027,36.181416,-40.990673,-64.183556,91.247536,49.323956,0.081285566,0.0357189,0.88299555,0.035277955,0.010123754,0.038968835,0.8689161,0.012980649,8.6214415e-05,0.03279963,0.00084687414
21,F,H,H,12.447738,21.560501,15.758309,37.34566,-38.81401,-67.22461,92.05046,47.989845,0.21809784,0.038393166,0.74350905,0.0798996,0.038428914,0.108020544,0.71945864,0.018709293,0.00041158372,0.03182236,0.0032490604
22,E,C,H,103.90873,7.5981507,18.93056,26.86643,-34.89046,-65.41761,91.71997,49.679092,0.54284644,0.028854432,0.42829913,0.11378986,0.101661,0.3185742,0.42888877,0.013922479,0.00031157554,0.02030526,0.0025468934
23,N,C,T,102.11191,4.4849844,17.916683,23.004925,9.532851,-82.21089,95.18071,43.367737,0.8357398,0.012841792,0.1514184,0.22591816,0.15761958,0.44663695,0.13874876,0.019007824,0.00014127769,0.009344242,0.0025832125
24,K,C,C,101.404526,11.2687645,14.135688,25.356625,84.85735,-84.256584,108.488495,132.27754,0.8806504,0.020702807,0.09864681,0.38687313,0.31993237,0.1749345,0.07696349,0.020219507,0.00020023891,0.013850624,0.007026051
25,S,C,C,57.33169,4.3326793,18.47821,23.701155,150.57642,-76.96586,115.61076,-157.00398,0.83646274,0.060899343,0.10263799,0.57080925,0.17750478,0.09277314,0.07721116,0.01932113,0.00012217813,0.039810494,0.022447923
26,V,C,C,46.815777,14.577894,11.817075,26.015207,-11.454737,-71.58457,98.0642,-131.62741,0.6709865,0.05842133,0.27059215,0.412489,0.16176526,0.10007959,0.23229878,0.032630082,0.00012410259,0.042434264,0.018178873
27,E,C,C,135.85094,2.7805321,19.074612,21.818851,-31.80122,-69.60253,95.20163,72.83669,0.6928616,0.032905664,0.27423272,0.3753475,0.2175811,0.09009192,0.2589357,0.026177315,4.674505e-05,0.023983123,0.007836731
28,S,C,C,40.101643,5.8882604,18.983957,25.442978,31.424442,-85.766785,105.91522,34.516872,0.68833774,0.026980003,0.2846823,0.4162443,0.19724387,0.06744221,0.26560313,0.026608655,4.0493334e-05,0.016554445,0.01026291
29,S,H,H,19.092688,19.146715,12.695696,31.58434,-40.16134,-61.75747,90.6492,-174.94351,0.17802401,0.0038023717,0.8181736,0.092592314,0.03677159,0.034172997,0.8203882,0.012573342,1.8285948e-05,0.0025997607,0.00088355405
30,E,H,H,121.49111,4.453476,20.14282,24.66128,-41.08828,-62.353584,91.0571,53.757107,0.08832208,0.0032465493,0.9084314,0.034525357,0.018047396,0.027841598,0.90646464,0.010152276,2.207916e-05,0.0024860161,0.00046060767
31,Q,H,H,86.79507,5.4884133,20.844404,26.492123,-41.37347,-64.60801,90.88561,49.946144,0.059074324,0.0059124385,0.93501323,0.029153427,0.009215983,0.01803871,0.9282124,0.009848506,5.8748323e-05,0.004568588,0.00090362557
32,F,H,H,5.6414695,22.674395,15.663643,38.764072,-45.1476,-63.051228,92.03799,50.0841,0.037300967,0.006075872,0.95662314,0.01891124,0.005203243,0.010785468,0.9539348,0.00562036,6.457649e-05,0.0047570425,0.0007231921
33,Y,H,H,40.496742,17.073174,19.02425,36.19066,-42.21478,-62.12304,91.30737,49.111534,0.031629987,0.0063523953,0.9620176,0.017127102,0.004250088,0.008459313,0.9589511,0.005204633,6.498136e-05,0.005359181,0.0005836549
34,S,H,H,59.63521,2.135588,23.873238,26.52356,-40.88579,-62.677685,90.65004,51.541138,0.03634015,0.006041552,0.9576183,0.017052727,0.0047933017,0.013067313,0.95330375,0.0062026028,8.6284526e-05,0.0049800305,0.0005140586
35,F,H,H,35.344154,12.425689,20.412193,33.26262,-44.449783,-62.910015,92.04191,50.094112,0.051602855,0.004931949,0.94346523,0.01765401,0.006688912,0.025075013,0.9385598,0.007226206,0.0001025794,0.003979207,0.000714262
36,M,H,H,3.185984,24.709892,16.201326,41.009007,-41.468983,-63.75879,91.69816,49.16518,0.07063948,0.0077116615,0.9216488,0.028580997,0.010694032,0.025891254,0.92206126,0.005305147,9.7939526e-05,0.005981947,0.0013874811
37,R,H,H,103.27038,11.6141615,19.333141,30.96327,-40.040073,-62.020496,91.07798,51.40295,0.11047354,0.0087944195,0.88073206,0.041721072,0.014111792,0.049465094,0.87597215,0.010073938,0.0002382504,0.006811806,0.0016059274
38,T,H,H,79.2465,2.1218157,21.32907,24.040197,-39.300686,-68.05175,93.08275,48.032963,0.1713723,0.011148857,0.81747884,0.061791953,0.02385411,0.06821564,0.82110006,0.0139072165,0.00029215805,0.0085900165,0.00224884
39,T,H,H,31.77499,13.111578,17.172941,30.39031,-37.98758,-74.26348,95.6588,45.610306,0.25840965,0.012435959,0.7291544,0.08648212,0.04159781,0.11141299,0.7297446,0.017526602,0.0004236746,0.008953637,0.003858646
40,Y,C,H,30.844992,19.144115,12.512844,31.598335,-8.595709,-82.492035,98.05527,45.214737,0.5282096,0.021062441,0.45072794,0.20173866,0.11113531,0.19295754,0.44459784,0.023102427,0.0006646928,0.013021589,0.012781846
41,K,C,T,144.3521,5.3314595,16.922506,22.380173,-29.891218,-66.872574,92.906494,80.547745,0.77701205,0.013326765,0.20966117,0.21974081,0.13104674,0.42407385,0.18619066,0.02331292,0.0002512709,0.008660466,0.0067233215
42,N,C,T,121.40164,2.494736,15.959914,19.362812,1.5825746,-86.90929,97.2934,41.90707,0.8280302,0.008308604,0.16366117,0.20923612,0.23026444,0.40447506,0.124402195,0.022073332,9.4122755e-05,0.0053905374,0.0040641585
43,D,C,C,60.034363,9.907135,12.477395,22.828838,112.342285,-103.06972,112.18337,90.21789,0.98293626,0.011357161,0.0057065855,0.7453292,0.22178443,0.013150724,0.0032659792,0.0021165826,9.472137e-06,0.0069388486,0.0074047567
44,P,C,T,76.36092,7.8166246,14.498384,23.335245,-12.80661,-66.73302,93.655235,-159.66203,0.92301726,0.011294574,0.06568811,0.32818672,0.14379776,0.44988558,0.028687801,0.037302107,6.7207366e-05,0.006399153,0.0056735217
45,C,C,T,51.574696,10.272103,13.083337,24.219522,9.99103,-83.22055,97.12704,64.839806,0.89307517,0.020545615,0.086379156,0.30350965,0.14196675,0.44753373,0.044871677,0.039310638,0.00014146567,0.0092852,0.013380902
46,S,C,C,55.194614,7.6633773,15.600531,24.360521,33.360985,-78.68959,102.76887,126.1699,0.79153067,0.03606759,0.17240174,0.45916227,0.19234498,0.13454431,0.10468923,0.0717783,0.00017438208,0.02280684,0.014499724
47,S,C,C,56.010384,5.274678,18.099094,24.314726,34.573986,-75.53088,105.40945,110.34485,0.75810474,0.023495853,0.2183994,0.39171314,0.20854554,0.15357426,0.17924966,0.042883944,6.604415e-05,0.016259912,0.0077075753
48,D,C,H,61.727486,12.905325,15.707268,29.041061,-30.210003,-68.037254,93.00698,97.23198,0.53388375,0.013278072,0.45283818,0.3416489,0.09777762,0.08092517,0.43773738,0.028577924,2.4523222e-05,0.0094950935,0.0038134605
49,F,H,H,70.63655,12.677638,17.794058,30.350431,-39.859978,-64.472404,92.31464,56.66641,0.21396679,0.029122593,0.7569106,0.11474286,0.044883974,0.04539848,0.7481223,0.018615302,0.00013020534,0.024018526,0.0040883776
50,E,H,H,98.07449,3.8978934,23.060303,27.685947,-38.656616,-64.54297,91.14796,52.281982,0.13390563,0.031320404,0.834774,0.077934936,0.02264485,0.032131784,0.8265533,0.011967272,0.00011343417,0.024607077,0.0040472965
51,C,H,H,7.44926,18.800772,17.787664,36.142498,-41.486797,-64.898026,91.54141,50.863956,0.1019473,0.033292186,0.8647606,0.065384686,0.017540343,0.01962739,0.8576073,0.009340857,0.00013575083,0.025461223,0.0049023177
52,I,H,H,19.59077,20.795937,18.25193,38.87132,-44.893078,-64.43433,91.7728,48.12618,0.0684109,0.022897366,0.90869176,0.039327733,0.011394534,0.015144274,0.9070971,0.005696892,0.00013870043,0.018827803,0.0023730295
53,E,H,H,93.91127,6.7674913,25.541004,32.66713,-43.22312,-62.5524,91.63191,48.46377,0.062558696,0.015337236,0.9221041,0.031174155,0.010822296,0.019776415,0.91932774,0.005016076,9.678287e-05,0.012873759,0.0009129588
54,R,H,H,100.3402,7.2942176,25.468607,33.103165,-40.636,-64.49593,91.17257,48.131065,0.092643775,0.00806218,0.8992941,0.037173413,0.011684334,0.0388922,0.9001485,0.0046561807,9.7799035e-05,0.005996147,0.0013514316
55,G,H,H,1.152521,23.794765,18.863186,41.97801,-42.543076,-62.78862,91.328896,50.83808,0.07871977,0.0017489754,0.9195313,0.0351598,0.01039041,0.031075576,0.9180732,0.0035550266,4.1524137e-05,0.0013023156,0.00040219811
56,A,H,H,19.664646,16.902729,21.464556,38.368916,-41.804195,-63.66738,91.38884,49.737278,0.05174408,0.0020168996,0.94623905,0.030429702,0.008501188,0.013488798,0.9408872,0.0047345934,2.523997e-05,0.0015351917,0.00039811636
57,E,H,H,104.33135,2.8797448,27.718176,31.024881,-41.97403,-63.06863,91.23139,50.25428,0.04406955,0.003005334,0.9529251,0.025151972,0.005978762,0.013430705,0.94693893,0.0055451854,6.7520465e-05,0.0022269455,0.0006599621
58,M,H,H,32.282322,14.110102,23.260897,37.423195,-41.991497,-64.91936,91.308205,48.646225,0.03840501,0.0025371625,0.9590578,0.019933397,0.005352907,0.012688172,0.95511883,0.004393031,6.1779174e-05,0.0019170356,0.00053474575
59,A,H,H,2.2781723,25.165302,18.433712,43.518024,-41.954967,-61.61314,90.808,50.913116,0.03429769,0.0015385048,0.96416384,0.019928342,0.0037967488,0.0098628765,0.9626689,0.0022788413,3.2070435e-05,0.0011510703,0.00028124332
60,Q,H,H,81.867905,10.06799,23.529612,34.006134,-41.544662,-63.376415,91.18167,49.15552,0.035797607,0.0012886407,0.96291375,0.017133445,0.004936606,0.011462393,0.96269715,0.0025473742,2.74444e-05,0.0010204804,0.00017513474
61,S,H,H,46.425694,3.731286,24.556404,29.303225,-41.55474,-63.16853,91.4053,49.929943,0.041830134,0.0014991342,0.9566707,0.02086182,0.005016229,0.013496286,0.95638865,0.0027535532,3.1825683e-05,0.0012187164,0.0002329073
62,Y,H,H,26.680323,18.218977,19.582556,37.70717,-42.749527,-63.843266,91.36852,49.100666,0.037626706,0.0023831637,0.95999014,0.017098626,0.004595268,0.014158216,0.9589792,0.0028546879,7.6717595e-05,0.0017829322,0.00045439607
63,A,H,H,6.080414,19.382553,16.489485,35.578476,-41.158146,-61.103977,90.32922,52.7299,0.043040913,0.004214678,0.9527444,0.019989865,0.0048994347,0.01573258,0.9514111,0.0040726345,5.7104124e-05,0.003464188,0.0003731584
64,R,H,H,150.86496,3.6918442,21.054838,25.33675,-42.88218,-64.13299,91.75195,49.651886,0.05392811,0.008122924,0.9379489,0.020774681,0.004982533,0.026846325,0.9316986,0.008112656,8.3396415e-05,0.006964411,0.0005373533
65,I,H,H,73.70502,8.423603,17.689972,26.760437,-39.73168,-64.019165,91.98021,49.681828,0.08327768,0.009437362,0.907285,0.02666701,0.0069759223,0.043121364,0.90500736,0.009514245,5.0984978e-05,0.007916744,0.00074630644
66,M,H,H,41.852253,15.760787,14.10788,29.515783,-10.361843,-83.686905,92.71354,45.02575,0.45126596,0.015468872,0.5332652,0.054647587,0.030610172,0.37115887,0.5186302,0.012210913,4.2557e-05,0.011191932,0.0015077834
67,N,C,T,123.01919,1.9200271,19.785795,22.301857,32.841873,50.995388,89.871544,-119.74974,0.8822903,0.014680932,0.10302874,0.12489927,0.022500133,0.7410173,0.095179014,0.005092558,2.5840914e-06,0.010686668,0.00062260183
68,I,C,C,37.799786,16.538273,10.394546,26.525576,133.99338,-98.931206,118.63098,142.65234,0.87730324,0.042748008,0.079948716,0.8028465,0.061534394,0.020210832,0.07182627,0.0036831133,8.439083e-06,0.034173667,0.0057168854
69,K,C,C,141.28966,3.3936813,20.186274,23.792387,129.30423,-90.43906,114.88801,-143.84264,0.7813553,0.14789762,0.070747115,0.7503965,0.036556154,0.016588358,0.060301904,0.004844993,4.539219e-06,0.11802665,0.013280827
70,L,C,C,66.27427,16.657616,9.748641,25.272451,134.04785,-90.21433,114.12349,-159.13641,0.72449166,0.19917901,0.07632936,0.62611145,0.07054819,0.04395738,0.05694878,0.0116617475,2.9702518e-05,0.17115408,0.019588677
71,E,C,C,131.18445,4.147689,14.056491,19.267405,129.66212,-92.5458,112.6191,-169.2814,0.7900733,0.14675453,0.06317217,0.6557195,0.084481984,0.061216455,0.044594586,0.013112523,2.768923e-05,0.12983537,0.011011982
72,T,C,C,106.32106,6.0895305,8.922832,16.129385,142.4064,-98.613205,114.0158,-161.22945,0.8478901,0.12470261,0.027407316,0.84384245,0.00038814193,0.02627156,0.013597234,0.009244566,2.2501667e-06,0.097919084,0.008734664
73,E,C,C,184.27205,2.999554,10.902313,14.725422,114.50448,-91.81687,106.75392,-163.85152,0.99999285,3.0504905e-06,4.048167e-06,0.9999963,4.433137e-07,1.0455112e-06,7.397125e-07,1.7332523e-07,1.1611754e-16,1.3486494e-06,3.641607e-08
